{
    "results": {
        "tool": {
            "name": "pytest",
            "version": "8.4.1"
        },
        "summary": {
            "tests": 2,
            "passed": 2,
            "failed": 0,
            "skipped": 0,
            "pending": 0,
            "other": 0,
            "start": 1783141727.5877192,
            "stop": 1783141727.5962472
        },
        "tests": [
            {
                "name": "test_outputs.py::test_output_file_exists",
                "status": "passed",
                "duration": 0.0002180860028602183,
                "start": 1783141727.595509,
                "stop": 1783141727.5958407,
                "retries": 0,
                "file_path": "test_outputs.py"
            },
            {
                "name": "test_outputs.py::test_output_is_correct",
                "status": "passed",
                "duration": 0.00017599800776224583,
                "start": 1783141727.5959332,
                "stop": 1783141727.5961719,
                "retries": 0,
                "file_path": "test_outputs.py"
            }
        ]
    }
}