{
    "results": {
        "tool": {
            "name": "pytest",
            "version": "8.4.1"
        },
        "summary": {
            "tests": 1,
            "passed": 1,
            "failed": 0,
            "skipped": 0,
            "pending": 0,
            "other": 0,
            "start": 1783394934.2385688,
            "stop": 1783394934.249436
        },
        "tests": [
            {
                "name": "test_outputs.py::test_attack",
                "status": "passed",
                "duration": 0.0002912479976657778,
                "start": 1783394934.2489052,
                "stop": 1783394934.249377,
                "retries": 0,
                "file_path": "test_outputs.py"
            }
        ]
    }
}