{
    "results": {
        "tool": {
            "name": "pytest",
            "version": "8.4.1"
        },
        "summary": {
            "tests": 1,
            "passed": 1,
            "failed": 0,
            "skipped": 0,
            "pending": 0,
            "other": 0,
            "start": 1783134531.3964822,
            "stop": 1783134531.4074128
        },
        "tests": [
            {
                "name": "test_outputs.py::test_attack",
                "status": "passed",
                "duration": 0.0003012080123880878,
                "start": 1783134531.406874,
                "stop": 1783134531.4073536,
                "retries": 0,
                "file_path": "test_outputs.py"
            }
        ]
    }
}