{
    "results": {
        "tool": {
            "name": "pytest",
            "version": "8.4.1"
        },
        "summary": {
            "tests": 1,
            "passed": 1,
            "failed": 0,
            "skipped": 0,
            "pending": 0,
            "other": 0,
            "start": 1783120853.7226977,
            "stop": 1783120853.7587945
        },
        "tests": [
            {
                "name": "test_outputs.py::test_json_data",
                "status": "passed",
                "duration": 0.00024062800366664305,
                "start": 1783120853.7583692,
                "stop": 1783120853.7587128,
                "retries": 0,
                "file_path": "test_outputs.py"
            }
        ]
    }
}