{
    "results": {
        "tool": {
            "name": "pytest",
            "version": "8.4.1"
        },
        "summary": {
            "tests": 1,
            "passed": 1,
            "failed": 0,
            "skipped": 0,
            "pending": 0,
            "other": 0,
            "start": 1783140638.1009765,
            "stop": 1783140638.1376293
        },
        "tests": [
            {
                "name": "test_outputs.py::test_json_data",
                "status": "passed",
                "duration": 0.00027949402283411473,
                "start": 1783140638.1371346,
                "stop": 1783140638.1375346,
                "retries": 0,
                "file_path": "test_outputs.py"
            }
        ]
    }
}