{
    "results": {
        "tool": {
            "name": "pytest",
            "version": "8.4.1"
        },
        "summary": {
            "tests": 2,
            "passed": 2,
            "failed": 0,
            "skipped": 0,
            "pending": 0,
            "other": 0,
            "start": 1783134637.1766574,
            "stop": 1783134637.214286
        },
        "tests": [
            {
                "name": "test_outputs.py::test_about_file",
                "status": "passed",
                "duration": 0.0002304239897057414,
                "start": 1783134637.2135282,
                "stop": 1783134637.213874,
                "retries": 0,
                "file_path": "test_outputs.py"
            },
            {
                "name": "test_outputs.py::test_layout_file",
                "status": "passed",
                "duration": 0.0001705309987301007,
                "start": 1783134637.2139688,
                "stop": 1783134637.2142067,
                "retries": 0,
                "file_path": "test_outputs.py"
            }
        ]
    }
}