{
    "results": {
        "tool": {
            "name": "pytest",
            "version": "8.4.1"
        },
        "summary": {
            "tests": 2,
            "passed": 2,
            "failed": 0,
            "skipped": 0,
            "pending": 0,
            "other": 0,
            "start": 1783133059.6089199,
            "stop": 1783133059.6565514
        },
        "tests": [
            {
                "name": "test_outputs.py::test_recovery_file_exists",
                "status": "passed",
                "duration": 0.0003902199969161302,
                "start": 1783133059.6554203,
                "stop": 1783133059.6560035,
                "retries": 0,
                "file_path": "test_outputs.py"
            },
            {
                "name": "test_outputs.py::test_password_match",
                "status": "passed",
                "duration": 0.00023588498879689723,
                "start": 1783133059.6561227,
                "stop": 1783133059.656435,
                "retries": 0,
                "file_path": "test_outputs.py"
            }
        ]
    }
}