{
    "results": {
        "tool": {
            "name": "pytest",
            "version": "8.4.1"
        },
        "summary": {
            "tests": 2,
            "passed": 2,
            "failed": 0,
            "skipped": 0,
            "pending": 0,
            "other": 0,
            "start": 1783385343.5858042,
            "stop": 1783385343.667646
        },
        "tests": [
            {
                "name": "test_outputs.py::test_summary_file_exists",
                "status": "passed",
                "duration": 0.00023661099839955568,
                "start": 1783385343.6668427,
                "stop": 1783385343.6672058,
                "retries": 0,
                "file_path": "test_outputs.py"
            },
            {
                "name": "test_outputs.py::test_summary_structure_and_counts",
                "status": "passed",
                "duration": 0.00019006599904969335,
                "start": 1783385343.6673048,
                "stop": 1783385343.6675596,
                "retries": 0,
                "file_path": "test_outputs.py"
            }
        ]
    }
}