{
    "results": {
        "tool": {
            "name": "pytest",
            "version": "8.4.1"
        },
        "summary": {
            "tests": 2,
            "passed": 2,
            "failed": 0,
            "skipped": 0,
            "pending": 0,
            "other": 0,
            "start": 1783395162.9681873,
            "stop": 1783395163.0103493
        },
        "tests": [
            {
                "name": "test_outputs.py::test_solution_file",
                "status": "passed",
                "duration": 0.00023368600523099303,
                "start": 1783395163.0095973,
                "stop": 1783395163.0099537,
                "retries": 0,
                "file_path": "test_outputs.py"
            },
            {
                "name": "test_outputs.py::test_solution_content",
                "status": "passed",
                "duration": 0.00016399400192312896,
                "start": 1783395163.0100477,
                "stop": 1783395163.0102687,
                "retries": 0,
                "file_path": "test_outputs.py"
            }
        ]
    }
}