{
    "results": {
        "tool": {
            "name": "pytest",
            "version": "8.4.1"
        },
        "summary": {
            "tests": 2,
            "passed": 2,
            "failed": 0,
            "skipped": 0,
            "pending": 0,
            "other": 0,
            "start": 1783148753.3909295,
            "stop": 1783148753.4101582
        },
        "tests": [
            {
                "name": "test_outputs.py::test_output_file_exists",
                "status": "passed",
                "duration": 0.0003902609896613285,
                "start": 1783148753.4088733,
                "stop": 1783148753.409448,
                "retries": 0,
                "file_path": "test_outputs.py"
            },
            {
                "name": "test_outputs.py::test_output_is_correct",
                "status": "passed",
                "duration": 0.0003250799927627668,
                "start": 1783148753.4095964,
                "stop": 1783148753.4100266,
                "retries": 0,
                "file_path": "test_outputs.py"
            }
        ]
    }
}