{
    "results": {
        "tool": {
            "name": "pytest",
            "version": "8.4.1"
        },
        "summary": {
            "tests": 2,
            "passed": 2,
            "failed": 0,
            "skipped": 0,
            "pending": 0,
            "other": 0,
            "start": 1783391065.2333233,
            "stop": 1783391065.2426093
        },
        "tests": [
            {
                "name": "test_outputs.py::test_hello_file_exists",
                "status": "passed",
                "duration": 0.00024129898520186543,
                "start": 1783391065.2418082,
                "stop": 1783391065.242172,
                "retries": 0,
                "file_path": "test_outputs.py"
            },
            {
                "name": "test_outputs.py::test_hello_file_content",
                "status": "passed",
                "duration": 0.00018664399976842105,
                "start": 1783391065.242273,
                "stop": 1783391065.242523,
                "retries": 0,
                "file_path": "test_outputs.py"
            }
        ]
    }
}