{
    "results": {
        "tool": {
            "name": "pytest",
            "version": "8.4.1"
        },
        "summary": {
            "tests": 1,
            "passed": 1,
            "failed": 0,
            "skipped": 0,
            "pending": 0,
            "other": 0,
            "start": 1783392217.1881623,
            "stop": 1783392217.233056
        },
        "tests": [
            {
                "name": "test_outputs.py::test_json_data",
                "status": "passed",
                "duration": 0.0003164619847666472,
                "start": 1783392217.2325022,
                "stop": 1783392217.2329535,
                "retries": 0,
                "file_path": "test_outputs.py"
            }
        ]
    }
}