{
    "results": {
        "tool": {
            "name": "pytest",
            "version": "8.4.1"
        },
        "summary": {
            "tests": 1,
            "passed": 1,
            "failed": 0,
            "skipped": 0,
            "pending": 0,
            "other": 0,
            "start": 1783144257.8301167,
            "stop": 1783144298.6454008
        },
        "tests": [
            {
                "name": "test_outputs.py::test_interp",
                "status": "passed",
                "duration": 40.778232132986886,
                "start": 1783144257.8668683,
                "stop": 1783144298.6452892,
                "retries": 0,
                "file_path": "test_outputs.py"
            }
        ]
    }
}