{
    "results": {
        "tool": {
            "name": "pytest",
            "version": "8.4.1"
        },
        "summary": {
            "tests": 2,
            "passed": 2,
            "failed": 0,
            "skipped": 0,
            "pending": 0,
            "other": 0,
            "start": 1783395433.7159739,
            "stop": 1783395433.7644033
        },
        "tests": [
            {
                "name": "test_outputs.py::test_about_file",
                "status": "passed",
                "duration": 0.0003123600035905838,
                "start": 1783395433.7634783,
                "stop": 1783395433.7639446,
                "retries": 0,
                "file_path": "test_outputs.py"
            },
            {
                "name": "test_outputs.py::test_layout_file",
                "status": "passed",
                "duration": 0.00017911201575770974,
                "start": 1783395433.7640522,
                "stop": 1783395433.764296,
                "retries": 0,
                "file_path": "test_outputs.py"
            }
        ]
    }
}