{
    "results": {
        "tool": {
            "name": "pytest",
            "version": "8.4.1"
        },
        "summary": {
            "tests": 2,
            "passed": 2,
            "failed": 0,
            "skipped": 0,
            "pending": 0,
            "other": 0,
            "start": 1783134565.2911427,
            "stop": 1783134565.3001645
        },
        "tests": [
            {
                "name": "test_outputs.py::test_output_file_exists",
                "status": "passed",
                "duration": 0.00022559499484486878,
                "start": 1783134565.2993932,
                "stop": 1783134565.2997358,
                "retries": 0,
                "file_path": "test_outputs.py"
            },
            {
                "name": "test_outputs.py::test_output_is_correct",
                "status": "passed",
                "duration": 0.00018748900038190186,
                "start": 1783134565.2998319,
                "stop": 1783134565.3000832,
                "retries": 0,
                "file_path": "test_outputs.py"
            }
        ]
    }
}