{
    "results": {
        "tool": {
            "name": "pytest",
            "version": "8.4.1"
        },
        "summary": {
            "tests": 1,
            "passed": 1,
            "failed": 0,
            "skipped": 0,
            "pending": 0,
            "other": 0,
            "start": 1783141393.7076547,
            "stop": 1783141393.7407403
        },
        "tests": [
            {
                "name": "test_outputs.py::test_move_correct",
                "status": "passed",
                "duration": 0.00023008200514595956,
                "start": 1783141393.7403224,
                "stop": 1783141393.7406557,
                "retries": 0,
                "file_path": "test_outputs.py"
            }
        ]
    }
}