{
    "results": {
        "tool": {
            "name": "pytest",
            "version": "8.4.1"
        },
        "summary": {
            "tests": 2,
            "passed": 2,
            "failed": 0,
            "skipped": 0,
            "pending": 0,
            "other": 0,
            "start": 1783141522.6697927,
            "stop": 1783141522.7057602
        },
        "tests": [
            {
                "name": "test_outputs.py::test_solution_file",
                "status": "passed",
                "duration": 0.00022608099970966578,
                "start": 1783141522.7050123,
                "stop": 1783141522.705355,
                "retries": 0,
                "file_path": "test_outputs.py"
            },
            {
                "name": "test_outputs.py::test_solution_content",
                "status": "passed",
                "duration": 0.00016897899331524968,
                "start": 1783141522.7054524,
                "stop": 1783141522.7056825,
                "retries": 0,
                "file_path": "test_outputs.py"
            }
        ]
    }
}