{
    "results": {
        "tool": {
            "name": "pytest",
            "version": "8.4.1"
        },
        "summary": {
            "tests": 2,
            "passed": 2,
            "failed": 0,
            "skipped": 0,
            "pending": 0,
            "other": 0,
            "start": 1783122245.0375688,
            "stop": 1783122245.0736842
        },
        "tests": [
            {
                "name": "test_outputs.py::test_output_file_exists",
                "status": "passed",
                "duration": 0.00023295699793379754,
                "start": 1783122245.07293,
                "stop": 1783122245.0732844,
                "retries": 0,
                "file_path": "test_outputs.py"
            },
            {
                "name": "test_outputs.py::test_output_is_correct",
                "status": "passed",
                "duration": 0.00017024298722390085,
                "start": 1783122245.073378,
                "stop": 1783122245.0736072,
                "retries": 0,
                "file_path": "test_outputs.py"
            }
        ]
    }
}