{
    "results": {
        "tool": {
            "name": "pytest",
            "version": "8.4.1"
        },
        "summary": {
            "tests": 2,
            "passed": 2,
            "failed": 0,
            "skipped": 0,
            "pending": 0,
            "other": 0,
            "start": 1783395523.6671445,
            "stop": 1783395524.8142617
        },
        "tests": [
            {
                "name": "test_outputs.py::test_modernized_code_runs",
                "status": "passed",
                "duration": 1.1287089679972269,
                "start": 1783395523.6845462,
                "stop": 1783395524.8134868,
                "retries": 0,
                "file_path": "test_outputs.py"
            },
            {
                "name": "test_outputs.py::test_dependency_file_exists",
                "status": "passed",
                "duration": 0.0002765249810181558,
                "start": 1783395524.8137388,
                "stop": 1783395524.8141136,
                "retries": 0,
                "file_path": "test_outputs.py"
            }
        ]
    }
}