{
    "results": {
        "tool": {
            "name": "pytest",
            "version": "8.4.1"
        },
        "summary": {
            "tests": 2,
            "passed": 2,
            "failed": 0,
            "skipped": 0,
            "pending": 0,
            "other": 0,
            "start": 1783137469.2762158,
            "stop": 1783137469.3155365
        },
        "tests": [
            {
                "name": "test_outputs.py::test_result_exists",
                "status": "passed",
                "duration": 0.00021067300986032933,
                "start": 1783137469.3148406,
                "stop": 1783137469.315159,
                "retries": 0,
                "file_path": "test_outputs.py"
            },
            {
                "name": "test_outputs.py::test_data_matches",
                "status": "passed",
                "duration": 0.00015953999536577612,
                "start": 1783137469.3152518,
                "stop": 1783137469.3154657,
                "retries": 0,
                "file_path": "test_outputs.py"
            }
        ]
    }
}