{
    "results": {
        "tool": {
            "name": "pytest",
            "version": "8.4.1"
        },
        "summary": {
            "tests": 2,
            "passed": 2,
            "failed": 0,
            "skipped": 0,
            "pending": 0,
            "other": 0,
            "start": 1783145262.3431776,
            "stop": 1783145262.3704193
        },
        "tests": [
            {
                "name": "test_outputs.py::test_result_exists",
                "status": "passed",
                "duration": 0.0003988550015492365,
                "start": 1783145262.3690045,
                "stop": 1783145262.3696094,
                "retries": 0,
                "file_path": "test_outputs.py"
            },
            {
                "name": "test_outputs.py::test_data_matches",
                "status": "passed",
                "duration": 0.0005819680081913248,
                "start": 1783145262.3697035,
                "stop": 1783145262.3703468,
                "retries": 0,
                "file_path": "test_outputs.py"
            }
        ]
    }
}