{
    "results": {
        "tool": {
            "name": "pytest",
            "version": "8.4.1"
        },
        "summary": {
            "tests": 2,
            "passed": 2,
            "failed": 0,
            "skipped": 0,
            "pending": 0,
            "other": 0,
            "start": 1783122154.502394,
            "stop": 1783122154.5371172
        },
        "tests": [
            {
                "name": "test_outputs.py::test_solution_file",
                "status": "passed",
                "duration": 0.0002168260034522973,
                "start": 1783122154.536385,
                "stop": 1783122154.5367162,
                "retries": 0,
                "file_path": "test_outputs.py"
            },
            {
                "name": "test_outputs.py::test_solution_content",
                "status": "passed",
                "duration": 0.0001692320147412829,
                "start": 1783122154.5368083,
                "stop": 1783122154.5370333,
                "retries": 0,
                "file_path": "test_outputs.py"
            }
        ]
    }
}