{
    "results": {
        "tool": {
            "name": "pytest",
            "version": "8.4.1"
        },
        "summary": {
            "tests": 2,
            "passed": 2,
            "failed": 0,
            "skipped": 0,
            "pending": 0,
            "other": 0,
            "start": 1783129313.3271768,
            "stop": 1783129313.366085
        },
        "tests": [
            {
                "name": "test_outputs.py::test_summary_file_exists",
                "status": "passed",
                "duration": 0.00021321199892554432,
                "start": 1783129313.3653584,
                "stop": 1783129313.3656793,
                "retries": 0,
                "file_path": "test_outputs.py"
            },
            {
                "name": "test_outputs.py::test_summary_structure_and_counts",
                "status": "passed",
                "duration": 0.0001760789964464493,
                "start": 1783129313.3657708,
                "stop": 1783129313.3660066,
                "retries": 0,
                "file_path": "test_outputs.py"
            }
        ]
    }
}