{
    "results": {
        "tool": {
            "name": "pytest",
            "version": "8.4.1"
        },
        "summary": {
            "tests": 1,
            "passed": 1,
            "failed": 0,
            "skipped": 0,
            "pending": 0,
            "other": 0,
            "start": 1783121920.9486165,
            "stop": 1783121920.9834213
        },
        "tests": [
            {
                "name": "test_outputs.py::test_move_correct",
                "status": "passed",
                "duration": 0.00025993899180321023,
                "start": 1783121920.9829614,
                "stop": 1783121920.983331,
                "retries": 0,
                "file_path": "test_outputs.py"
            }
        ]
    }
}