{
    "results": {
        "tool": {
            "name": "pytest",
            "version": "8.4.1"
        },
        "summary": {
            "tests": 1,
            "passed": 1,
            "failed": 0,
            "skipped": 0,
            "pending": 0,
            "other": 0,
            "start": 1783394024.6854503,
            "stop": 1783394024.7229264
        },
        "tests": [
            {
                "name": "test_outputs.py::test_move_correct",
                "status": "passed",
                "duration": 0.00026672601234167814,
                "start": 1783394024.7224429,
                "stop": 1783394024.7228408,
                "retries": 0,
                "file_path": "test_outputs.py"
            }
        ]
    }
}