{
    "results": {
        "tool": {
            "name": "pytest",
            "version": "8.4.1"
        },
        "summary": {
            "tests": 1,
            "passed": 1,
            "failed": 0,
            "skipped": 0,
            "pending": 0,
            "other": 0,
            "start": 1783139595.3246849,
            "stop": 1783139595.4146125
        },
        "tests": [
            {
                "name": "test_outputs.py::test_tests_output",
                "status": "passed",
                "duration": 0.0003367530007380992,
                "start": 1783139595.4140108,
                "stop": 1783139595.4144952,
                "retries": 0,
                "file_path": "test_outputs.py"
            }
        ]
    }
}