{
    "results": {
        "tool": {
            "name": "pytest",
            "version": "8.4.1"
        },
        "summary": {
            "tests": 2,
            "passed": 2,
            "failed": 0,
            "skipped": 0,
            "pending": 0,
            "other": 0,
            "start": 1783117031.3060637,
            "stop": 1783117031.3402863
        },
        "tests": [
            {
                "name": "test_outputs.py::test_summary_file_exists",
                "status": "passed",
                "duration": 0.0002042259875452146,
                "start": 1783117031.3395624,
                "stop": 1783117031.3398752,
                "retries": 0,
                "file_path": "test_outputs.py"
            },
            {
                "name": "test_outputs.py::test_summary_structure_and_counts",
                "status": "passed",
                "duration": 0.00017644799663685262,
                "start": 1783117031.339969,
                "stop": 1783117031.3402112,
                "retries": 0,
                "file_path": "test_outputs.py"
            }
        ]
    }
}