{
    "results": {
        "tool": {
            "name": "pytest",
            "version": "8.4.1"
        },
        "summary": {
            "tests": 1,
            "passed": 1,
            "failed": 0,
            "skipped": 0,
            "pending": 0,
            "other": 0,
            "start": 1783148659.8203614,
            "stop": 1783148659.8348072
        },
        "tests": [
            {
                "name": "test_outputs.py::test_attack",
                "status": "passed",
                "duration": 0.0003930740203941241,
                "start": 1783148659.834082,
                "stop": 1783148659.834726,
                "retries": 0,
                "file_path": "test_outputs.py"
            }
        ]
    }
}