{
    "results": {
        "tool": {
            "name": "pytest",
            "version": "8.4.1"
        },
        "summary": {
            "tests": 1,
            "passed": 1,
            "failed": 0,
            "skipped": 0,
            "pending": 0,
            "other": 0,
            "start": 1783147533.2485237,
            "stop": 1783147533.287148
        },
        "tests": [
            {
                "name": "test_outputs.py::test_json_data",
                "status": "passed",
                "duration": 0.00026920401433017105,
                "start": 1783147533.2866676,
                "stop": 1783147533.2870514,
                "retries": 0,
                "file_path": "test_outputs.py"
            }
        ]
    }
}