{
    "results": {
        "tool": {
            "name": "pytest",
            "version": "8.4.1"
        },
        "summary": {
            "tests": 2,
            "passed": 2,
            "failed": 0,
            "skipped": 0,
            "pending": 0,
            "other": 0,
            "start": 1783386747.7574809,
            "stop": 1783386747.7957902
        },
        "tests": [
            {
                "name": "test_outputs.py::test_result_exists",
                "status": "passed",
                "duration": 0.00020912199397571385,
                "start": 1783386747.7950706,
                "stop": 1783386747.795391,
                "retries": 0,
                "file_path": "test_outputs.py"
            },
            {
                "name": "test_outputs.py::test_data_matches",
                "status": "passed",
                "duration": 0.00017686901264823973,
                "start": 1783386747.7954788,
                "stop": 1783386747.7957122,
                "retries": 0,
                "file_path": "test_outputs.py"
            }
        ]
    }
}