{
    "results": {
        "tool": {
            "name": "pytest",
            "version": "8.4.1"
        },
        "summary": {
            "tests": 2,
            "passed": 2,
            "failed": 0,
            "skipped": 0,
            "pending": 0,
            "other": 0,
            "start": 1783392203.4103305,
            "stop": 1783392203.4442372
        },
        "tests": [
            {
                "name": "test_outputs.py::test_recovery_file_exists",
                "status": "passed",
                "duration": 0.00021160798496566713,
                "start": 1783392203.4435558,
                "stop": 1783392203.4438748,
                "retries": 0,
                "file_path": "test_outputs.py"
            },
            {
                "name": "test_outputs.py::test_password_match",
                "status": "passed",
                "duration": 0.000154577981447801,
                "start": 1783392203.4439578,
                "stop": 1783392203.4441655,
                "retries": 0,
                "file_path": "test_outputs.py"
            }
        ]
    }
}