{
    "results": {
        "tool": {
            "name": "pytest",
            "version": "8.4.1"
        },
        "summary": {
            "tests": 2,
            "passed": 2,
            "failed": 0,
            "skipped": 0,
            "pending": 0,
            "other": 0,
            "start": 1783120754.100313,
            "stop": 1783120754.144344
        },
        "tests": [
            {
                "name": "test_outputs.py::test_recovery_file_exists",
                "status": "passed",
                "duration": 0.00020670499361585826,
                "start": 1783120754.1436667,
                "stop": 1783120754.1439838,
                "retries": 0,
                "file_path": "test_outputs.py"
            },
            {
                "name": "test_outputs.py::test_password_match",
                "status": "passed",
                "duration": 0.00015448700287379324,
                "start": 1783120754.1440701,
                "stop": 1783120754.144277,
                "retries": 0,
                "file_path": "test_outputs.py"
            }
        ]
    }
}