{
    "results": {
        "tool": {
            "name": "pytest",
            "version": "8.4.1"
        },
        "summary": {
            "tests": 2,
            "passed": 2,
            "failed": 0,
            "skipped": 0,
            "pending": 0,
            "other": 0,
            "start": 1783122371.2627566,
            "stop": 1783122371.3156
        },
        "tests": [
            {
                "name": "test_outputs.py::test_about_file",
                "status": "passed",
                "duration": 0.00044468599662650377,
                "start": 1783122371.3141773,
                "stop": 1783122371.314819,
                "retries": 0,
                "file_path": "test_outputs.py"
            },
            {
                "name": "test_outputs.py::test_layout_file",
                "status": "passed",
                "duration": 0.0003585899976314977,
                "start": 1783122371.3149865,
                "stop": 1783122371.3154602,
                "retries": 0,
                "file_path": "test_outputs.py"
            }
        ]
    }
}