{
    "results": {
        "tool": {
            "name": "pytest",
            "version": "8.4.1"
        },
        "summary": {
            "tests": 2,
            "passed": 2,
            "failed": 0,
            "skipped": 0,
            "pending": 0,
            "other": 0,
            "start": 1783148899.5215697,
            "stop": 1783148900.6204793
        },
        "tests": [
            {
                "name": "test_outputs.py::test_modernized_code_runs",
                "status": "passed",
                "duration": 1.0795911049935967,
                "start": 1783148899.5359626,
                "stop": 1783148900.6163416,
                "retries": 0,
                "file_path": "test_outputs.py"
            },
            {
                "name": "test_outputs.py::test_dependency_file_exists",
                "status": "passed",
                "duration": 0.0017009299917845055,
                "start": 1783148900.6174154,
                "stop": 1783148900.6197574,
                "retries": 0,
                "file_path": "test_outputs.py"
            }
        ]
    }
}