{
    "results": {
        "tool": {
            "name": "pytest",
            "version": "8.4.1"
        },
        "summary": {
            "tests": 1,
            "passed": 1,
            "failed": 0,
            "skipped": 0,
            "pending": 0,
            "other": 0,
            "start": 1783117202.7279854,
            "stop": 1783117202.7692087
        },
        "tests": [
            {
                "name": "test_outputs.py::test_primers",
                "status": "passed",
                "duration": 0.005241651997494046,
                "start": 1783117202.7636888,
                "stop": 1783117202.7690742,
                "retries": 0,
                "file_path": "test_outputs.py"
            }
        ]
    }
}