{
    "results": {
        "tool": {
            "name": "pytest",
            "version": "8.4.1"
        },
        "summary": {
            "tests": 1,
            "passed": 1,
            "failed": 0,
            "skipped": 0,
            "pending": 0,
            "other": 0,
            "start": 1783119805.9793622,
            "stop": 1783119806.0157921
        },
        "tests": [
            {
                "name": "test_outputs.py::test_tests_output",
                "status": "passed",
                "duration": 0.00028341399593045935,
                "start": 1783119806.015283,
                "stop": 1783119806.0156918,
                "retries": 0,
                "file_path": "test_outputs.py"
            }
        ]
    }
}