{
    "results": {
        "tool": {
            "name": "pytest",
            "version": "8.4.1"
        },
        "summary": {
            "tests": 1,
            "passed": 1,
            "failed": 0,
            "skipped": 0,
            "pending": 0,
            "other": 0,
            "start": 1783128928.4315093,
            "stop": 1783128929.4133382
        },
        "tests": [
            {
                "name": "test_outputs.py::test_api",
                "status": "passed",
                "duration": 0.9698902319942135,
                "start": 1783128928.442998,
                "stop": 1783128929.4130642,
                "retries": 0,
                "file_path": "test_outputs.py"
            }
        ]
    }
}