{
    "results": {
        "tool": {
            "name": "pytest",
            "version": "8.4.1"
        },
        "summary": {
            "tests": 2,
            "passed": 2,
            "failed": 0,
            "skipped": 0,
            "pending": 0,
            "other": 0,
            "start": 1783134491.2698267,
            "stop": 1783134491.3021681
        },
        "tests": [
            {
                "name": "test_outputs.py::test_solution_file",
                "status": "passed",
                "duration": 0.0001958519860636443,
                "start": 1783134491.3015134,
                "stop": 1783134491.301811,
                "retries": 0,
                "file_path": "test_outputs.py"
            },
            {
                "name": "test_outputs.py::test_solution_content",
                "status": "passed",
                "duration": 0.00014960698899812996,
                "start": 1783134491.3018951,
                "stop": 1783134491.3021002,
                "retries": 0,
                "file_path": "test_outputs.py"
            }
        ]
    }
}