{
    "results": {
        "tool": {
            "name": "pytest",
            "version": "8.4.1"
        },
        "summary": {
            "tests": 2,
            "passed": 2,
            "failed": 0,
            "skipped": 0,
            "pending": 0,
            "other": 0,
            "start": 1783148596.0019166,
            "stop": 1783148596.0560303
        },
        "tests": [
            {
                "name": "test_outputs.py::test_solution_file",
                "status": "passed",
                "duration": 0.00024675899476278573,
                "start": 1783148596.055254,
                "stop": 1783148596.055631,
                "retries": 0,
                "file_path": "test_outputs.py"
            },
            {
                "name": "test_outputs.py::test_solution_content",
                "status": "passed",
                "duration": 0.00016929299454204738,
                "start": 1783148596.0557213,
                "stop": 1783148596.0559478,
                "retries": 0,
                "file_path": "test_outputs.py"
            }
        ]
    }
}