arm,n,total_cost_usd,avg_cost_usd,total_output_tokens,avg_output_tokens,total_input_tokens,avg_input_tokens,total_cache_read_tokens,total_cache_creation_tokens,total_turns,avg_turns,total_duration_ms
baseline,100,8.928276,0.089283,127947,1279.47,351619,3516.19,2262752,308835,238,2.38,2052360
lemoncrow,100,5.337386,0.053374,69010,690.1,347926,3479.26,2043592,85071,120,1.2,1512623
caveman,100,8.773048,0.08773,72935,729.35,351539,3515.39,1939977,447019,220,2.2,1311079
