{
    "results": {
        "tool": {
            "name": "pytest",
            "version": "8.4.1"
        },
        "summary": {
            "tests": 1,
            "passed": 1,
            "failed": 0,
            "skipped": 0,
            "pending": 0,
            "other": 0,
            "start": 1783133200.409537,
            "stop": 1783133200.4623718
        },
        "tests": [
            {
                "name": "test_outputs.py::test_json_data",
                "status": "passed",
                "duration": 0.00025991900474764407,
                "start": 1783133200.461909,
                "stop": 1783133200.4622853,
                "retries": 0,
                "file_path": "test_outputs.py"
            }
        ]
    }
}