{
    "results": {
        "tool": {
            "name": "pytest",
            "version": "8.4.1"
        },
        "summary": {
            "tests": 1,
            "passed": 1,
            "failed": 0,
            "skipped": 0,
            "pending": 0,
            "other": 0,
            "start": 1783143732.8298032,
            "stop": 1783143733.6905382
        },
        "tests": [
            {
                "name": "test_outputs.py::test_api",
                "status": "passed",
                "duration": 0.8496966929960763,
                "start": 1783143732.8405514,
                "stop": 1783143733.6904233,
                "retries": 0,
                "file_path": "test_outputs.py"
            }
        ]
    }
}