{
    "results": {
        "tool": {
            "name": "pytest",
            "version": "8.4.1"
        },
        "summary": {
            "tests": 2,
            "passed": 2,
            "failed": 0,
            "skipped": 0,
            "pending": 0,
            "other": 0,
            "start": 1783136579.5846865,
            "stop": 1783136579.62212
        },
        "tests": [
            {
                "name": "test_outputs.py::test_summary_file_exists",
                "status": "passed",
                "duration": 0.00022688200988341123,
                "start": 1783136579.6213515,
                "stop": 1783136579.6216993,
                "retries": 0,
                "file_path": "test_outputs.py"
            },
            {
                "name": "test_outputs.py::test_summary_structure_and_counts",
                "status": "passed",
                "duration": 0.0001831030094763264,
                "start": 1783136579.6217935,
                "stop": 1783136579.6220367,
                "retries": 0,
                "file_path": "test_outputs.py"
            }
        ]
    }
}