{
    "results": {
        "tool": {
            "name": "pytest",
            "version": "8.4.1"
        },
        "summary": {
            "tests": 1,
            "passed": 1,
            "failed": 0,
            "skipped": 0,
            "pending": 0,
            "other": 0,
            "start": 1783391305.3764925,
            "stop": 1783391305.4123347
        },
        "tests": [
            {
                "name": "test_outputs.py::test_tests_output",
                "status": "passed",
                "duration": 0.00023971701739355922,
                "start": 1783391305.411904,
                "stop": 1783391305.412247,
                "retries": 0,
                "file_path": "test_outputs.py"
            }
        ]
    }
}