{
    "results": {
        "tool": {
            "name": "pytest",
            "version": "8.4.1"
        },
        "summary": {
            "tests": 1,
            "passed": 1,
            "failed": 0,
            "skipped": 0,
            "pending": 0,
            "other": 0,
            "start": 1783122304.2086792,
            "stop": 1783122304.2200942
        },
        "tests": [
            {
                "name": "test_outputs.py::test_attack",
                "status": "passed",
                "duration": 0.0003271019959356636,
                "start": 1783122304.219491,
                "stop": 1783122304.2200186,
                "retries": 0,
                "file_path": "test_outputs.py"
            }
        ]
    }
}