{
    "results": {
        "tool": {
            "name": "pytest",
            "version": "8.4.1"
        },
        "summary": {
            "tests": 2,
            "passed": 2,
            "failed": 0,
            "skipped": 0,
            "pending": 0,
            "other": 0,
            "start": 1783122388.4750805,
            "stop": 1783122389.462685
        },
        "tests": [
            {
                "name": "test_outputs.py::test_modernized_code_runs",
                "status": "passed",
                "duration": 0.9628798050034675,
                "start": 1783122388.4989755,
                "stop": 1783122389.4620612,
                "retries": 0,
                "file_path": "test_outputs.py"
            },
            {
                "name": "test_outputs.py::test_dependency_file_exists",
                "status": "passed",
                "duration": 0.0002485369986970909,
                "start": 1783122389.4622412,
                "stop": 1783122389.4625757,
                "retries": 0,
                "file_path": "test_outputs.py"
            }
        ]
    }
}