{
    "results": {
        "tool": {
            "name": "pytest",
            "version": "8.4.1"
        },
        "summary": {
            "tests": 2,
            "passed": 2,
            "failed": 0,
            "skipped": 0,
            "pending": 0,
            "other": 0,
            "start": 1783143755.4704847,
            "stop": 1783143755.5045006
        },
        "tests": [
            {
                "name": "test_outputs.py::test_summary_file_exists",
                "status": "passed",
                "duration": 0.00022295599046628922,
                "start": 1783143755.5037596,
                "stop": 1783143755.504097,
                "retries": 0,
                "file_path": "test_outputs.py"
            },
            {
                "name": "test_outputs.py::test_summary_structure_and_counts",
                "status": "passed",
                "duration": 0.0001753630058374256,
                "start": 1783143755.504192,
                "stop": 1783143755.504427,
                "retries": 0,
                "file_path": "test_outputs.py"
            }
        ]
    }
}