{
    "results": {
        "tool": {
            "name": "pytest",
            "version": "8.4.1"
        },
        "summary": {
            "tests": 1,
            "passed": 1,
            "failed": 0,
            "skipped": 0,
            "pending": 0,
            "other": 0,
            "start": 1783141701.678195,
            "stop": 1783141701.6862173
        },
        "tests": [
            {
                "name": "test_outputs.py::test_attack",
                "status": "passed",
                "duration": 0.0002849910088116303,
                "start": 1783141701.6856918,
                "stop": 1783141701.6861572,
                "retries": 0,
                "file_path": "test_outputs.py"
            }
        ]
    }
}