{
    "results": {
        "tool": {
            "name": "pytest",
            "version": "8.4.1"
        },
        "summary": {
            "tests": 1,
            "passed": 1,
            "failed": 0,
            "skipped": 0,
            "pending": 0,
            "other": 0,
            "start": 1783144241.8376393,
            "stop": 1783144241.8813493
        },
        "tests": [
            {
                "name": "test_outputs.py::test_primers",
                "status": "passed",
                "duration": 0.005657642992446199,
                "start": 1783144241.8753326,
                "stop": 1783144241.8811932,
                "retries": 0,
                "file_path": "test_outputs.py"
            }
        ]
    }
}