{
    "results": {
        "tool": {
            "name": "pytest",
            "version": "8.4.1"
        },
        "summary": {
            "tests": 2,
            "passed": 2,
            "failed": 0,
            "skipped": 0,
            "pending": 0,
            "other": 0,
            "start": 1783141829.1552243,
            "stop": 1783141829.192824
        },
        "tests": [
            {
                "name": "test_outputs.py::test_about_file",
                "status": "passed",
                "duration": 0.00026211500517092645,
                "start": 1783141829.1920485,
                "stop": 1783141829.1924298,
                "retries": 0,
                "file_path": "test_outputs.py"
            },
            {
                "name": "test_outputs.py::test_layout_file",
                "status": "passed",
                "duration": 0.000162765005370602,
                "start": 1783141829.1925302,
                "stop": 1783141829.192751,
                "retries": 0,
                "file_path": "test_outputs.py"
            }
        ]
    }
}