{
    "results": {
        "tool": {
            "name": "pytest",
            "version": "8.4.1"
        },
        "summary": {
            "tests": 1,
            "passed": 1,
            "failed": 0,
            "skipped": 0,
            "pending": 0,
            "other": 0,
            "start": 1783132731.2901697,
            "stop": 1783132731.3350236
        },
        "tests": [
            {
                "name": "test_outputs.py::test_tests_output",
                "status": "passed",
                "duration": 0.0002347449990338646,
                "start": 1783132731.3345978,
                "stop": 1783132731.3349357,
                "retries": 0,
                "file_path": "test_outputs.py"
            }
        ]
    }
}