{
    "results": {
        "tool": {
            "name": "pytest",
            "version": "8.4.1"
        },
        "summary": {
            "tests": 1,
            "passed": 1,
            "failed": 0,
            "skipped": 0,
            "pending": 0,
            "other": 0,
            "start": 1783148366.4490273,
            "stop": 1783148366.4804657
        },
        "tests": [
            {
                "name": "test_outputs.py::test_move_correct",
                "status": "passed",
                "duration": 0.00021723800455220044,
                "start": 1783148366.4800763,
                "stop": 1783148366.4803884,
                "retries": 0,
                "file_path": "test_outputs.py"
            }
        ]
    }
}