{
    "results": {
        "tool": {
            "name": "pytest",
            "version": "8.4.1"
        },
        "summary": {
            "tests": 2,
            "passed": 2,
            "failed": 0,
            "skipped": 0,
            "pending": 0,
            "other": 0,
            "start": 1783130357.1423798,
            "stop": 1783130357.1837268
        },
        "tests": [
            {
                "name": "test_outputs.py::test_result_exists",
                "status": "passed",
                "duration": 0.0003842190053546801,
                "start": 1783130357.182556,
                "stop": 1783130357.183121,
                "retries": 0,
                "file_path": "test_outputs.py"
            },
            {
                "name": "test_outputs.py::test_data_matches",
                "status": "passed",
                "duration": 0.0002642780018504709,
                "start": 1783130357.183264,
                "stop": 1783130357.1836123,
                "retries": 0,
                "file_path": "test_outputs.py"
            }
        ]
    }
}