{
    "results": {
        "tool": {
            "name": "pytest",
            "version": "8.4.1"
        },
        "summary": {
            "tests": 1,
            "passed": 1,
            "failed": 0,
            "skipped": 0,
            "pending": 0,
            "other": 0,
            "start": 1783146473.1173813,
            "stop": 1783146473.1549878
        },
        "tests": [
            {
                "name": "test_outputs.py::test_primers",
                "status": "passed",
                "duration": 0.0017237349966308102,
                "start": 1783146473.1529295,
                "stop": 1783146473.1548471,
                "retries": 0,
                "file_path": "test_outputs.py"
            }
        ]
    }
}