{
    "results": {
        "tool": {
            "name": "pytest",
            "version": "8.4.1"
        },
        "summary": {
            "tests": 2,
            "passed": 2,
            "failed": 0,
            "skipped": 0,
            "pending": 0,
            "other": 0,
            "start": 1783395314.963404,
            "stop": 1783395314.9731581
        },
        "tests": [
            {
                "name": "test_outputs.py::test_output_file_exists",
                "status": "passed",
                "duration": 0.0002332690346520394,
                "start": 1783395314.9723387,
                "stop": 1783395314.972708,
                "retries": 0,
                "file_path": "test_outputs.py"
            },
            {
                "name": "test_outputs.py::test_output_is_correct",
                "status": "passed",
                "duration": 0.00019064097432419658,
                "start": 1783395314.9728172,
                "stop": 1783395314.973078,
                "retries": 0,
                "file_path": "test_outputs.py"
            }
        ]
    }
}