{
    "results": {
        "tool": {
            "name": "pytest",
            "version": "8.4.1"
        },
        "summary": {
            "tests": 2,
            "passed": 2,
            "failed": 0,
            "skipped": 0,
            "pending": 0,
            "other": 0,
            "start": 1783147511.0328693,
            "stop": 1783147511.0690928
        },
        "tests": [
            {
                "name": "test_outputs.py::test_recovery_file_exists",
                "status": "passed",
                "duration": 0.00022838400036562234,
                "start": 1783147511.0683634,
                "stop": 1783147511.0687082,
                "retries": 0,
                "file_path": "test_outputs.py"
            },
            {
                "name": "test_outputs.py::test_password_match",
                "status": "passed",
                "duration": 0.00016457500169053674,
                "start": 1783147511.068796,
                "stop": 1783147511.0690136,
                "retries": 0,
                "file_path": "test_outputs.py"
            }
        ]
    }
}