{
    "results": {
        "tool": {
            "name": "pytest",
            "version": "8.4.1"
        },
        "summary": {
            "tests": 2,
            "passed": 2,
            "failed": 0,
            "skipped": 0,
            "pending": 0,
            "other": 0,
            "start": 1783131020.4547834,
            "stop": 1783131020.4998817
        },
        "tests": [
            {
                "name": "test_outputs.py::test_result_exists",
                "status": "passed",
                "duration": 0.0015035039905342273,
                "start": 1783131020.495161,
                "stop": 1783131020.497626,
                "retries": 0,
                "file_path": "test_outputs.py"
            },
            {
                "name": "test_outputs.py::test_data_matches",
                "status": "passed",
                "duration": 0.001991680001083296,
                "start": 1783131020.4977326,
                "stop": 1783131020.4997964,
                "retries": 0,
                "file_path": "test_outputs.py"
            }
        ]
    }
}