{
    "results": {
        "tool": {
            "name": "pytest",
            "version": "8.4.1"
        },
        "summary": {
            "tests": 1,
            "passed": 1,
            "failed": 0,
            "skipped": 0,
            "pending": 0,
            "other": 0,
            "start": 1783134127.5158458,
            "stop": 1783134127.5466185
        },
        "tests": [
            {
                "name": "test_outputs.py::test_move_correct",
                "status": "passed",
                "duration": 0.00020927100558765233,
                "start": 1783134127.5462406,
                "stop": 1783134127.546544,
                "retries": 0,
                "file_path": "test_outputs.py"
            }
        ]
    }
}