{
    "results": {
        "tool": {
            "name": "pytest",
            "version": "8.4.1"
        },
        "summary": {
            "tests": 1,
            "passed": 1,
            "failed": 0,
            "skipped": 0,
            "pending": 0,
            "other": 0,
            "start": 1783129901.0637739,
            "stop": 1783129901.1171079
        },
        "tests": [
            {
                "name": "test_outputs.py::test_primers",
                "status": "passed",
                "duration": 0.005482896005560178,
                "start": 1783129901.1111286,
                "stop": 1783129901.116901,
                "retries": 0,
                "file_path": "test_outputs.py"
            }
        ]
    }
}